0.00000000000000000	3007.22021484375000000
0.00016483516483516	-53974.28906250000000000
0.00032967032967033	-48922.03906250000000000
0.00049450549450549	-43907.16015625000000000
0.00065934065934066	-38901.26953125000000000
0.00082417582417582	-33965.15625000000000000
0.00098901098901099	-28800.17578125000000000
0.00115384615384615	-23792.47656250000000000
0.00131868131868132	-18771.68359375000000000
0.00148351648351648	-13716.89355468750000000
0.00164835164835165	-8605.01171875000000000
0.00181318681318681	-3674.09033203125000000
0.00197802197802198	1270.74499511718750000
0.00214285714285714	6330.21093750000000000
0.00230769230769231	11401.49804687500000000
0.00247252747252747	16533.57031250000000000
0.00263736263736264	21495.01171875000000000
0.00280219780219780	26476.74804687500000000
0.00296703296703297	31488.84570312500000000
0.00313186813186813	36559.94140625000000000
0.00329670329670330	41658.88281250000000000
0.00346153846153846	46627.58203125000000000
0.00362637362637363	51705.69140625000000000
0.00379120879120879	56694.57812500000000000
0.00395604395604396	61370.06640625000000000
0.00412087912087912	59275.34765625000000000
0.00428571428571429	-53254.83203125000000000
0.00445054945054945	-48081.58984375000000000
0.00461538461538462	-43115.77734375000000000
0.00478021978021978	-37976.67968750000000000
0.00494505494505495	-33086.46093750000000000
0.00510989010989011	-28128.63085937500000000
0.00527472527472528	-23062.61132812500000000
0.00543956043956044	-18002.53906250000000000
0.00560439560439561	-12850.78613281250000000
0.00576923076923077	-7913.28564453125000000
0.00593406593406594	-2916.52197265625000000
0.00609890109890110	2130.23706054687500000
0.00626373626373627	7219.67138671875000000
0.00642857142857143	12260.38867187500000000
0.00659340659340660	17214.89062500000000000
0.00675824175824176	22266.64453125000000000
0.00692307692307693	27305.91210937500000000
0.00708791208791209	32313.79296875000000000
0.00725274725274726	37331.62109375000000000
0.00741758241758242	42322.92578125000000000
0.00758241758241759	47479.92187500000000000
0.00774725274725275	52439.00781250000000000
0.00791208791208792	57315.96484375000000000
0.00807692307692308	61355.50781250000000000
0.00824175824175825	15365.76269531250000000
0.00840659340659341	-52456.89453125000000000
0.00857142857142858	-47458.26171875000000000
0.00873626373626374	-42436.69531250000000000
0.00890109890109891	-37378.33203125000000000
0.00906593406593407	-32354.24218750000000000
0.00923076923076924	-27320.62109375000000000
0.00939560439560440	-22287.99414062500000000
0.00956043956043956	-17255.03320312500000000
0.00972527472527473	-12227.48339843750000000
0.00989010989010989	-7200.98242187500000000
0.01005494505494506	-2180.24902343750000000
0.01021978021978022	2851.22607421875000000
0.01038461538461539	7885.77441406250000000
0.01054945054945055	12919.64355468750000000
0.01071428571428572	17945.35351562500000000
0.01087912087912088	22983.75585937500000000
0.01104395604395605	28000.64648437500000000
0.01120879120879121	33080.89453125000000000
0.01137362637362638	38110.03125000000000000
0.01153846153846154	43144.83984375000000000
0.01170329670329671	48165.62500000000000000
0.01186813186813187	53196.51171875000000000
0.01203296703296704	58257.34765625000000000
0.01219780219780220	61379.04296875000000000
0.01236263736263737	-55116.22265625000000000
0.01252747252747253	-51665.55859375000000000
0.01269230769230770	-46647.70312500000000000
0.01285714285714286	-41624.01953125000000000
0.01302197802197803	-36562.46875000000000000
0.01318681318681319	-31546.65234375000000000
0.01335164835164836	-26520.85351562500000000
0.01351648351648352	-21494.27343750000000000
0.01368131868131869	-16476.12500000000000000
0.01384615384615385	-11440.97265625000000000
0.01401098901098902	-6405.79150390625000000
0.01417582417582418	-1399.53149414062500000
0.01434065934065935	3651.31445312500000000
0.01450549450549451	8659.36718750000000000
0.01467032967032968	13705.56933593750000000
0.01483516483516484	18742.85937500000000000
0.01500000000000001	23766.05468750000000000
0.01516483516483517	28774.74218750000000000
0.01532967032967034	33801.89843750000000000
0.01549450549450550	38841.82031250000000000
0.01565934065934067	43863.37109375000000000
0.01582417582417583	48906.48046875000000000
0.01598901098901100	53915.14843750000000000
0.01615384615384616	58968.03906250000000000
0.01631868131868133	61401.13671875000000000
0.01648351648351649	-55131.46093750000000000
0.01664835164835166	-50940.42187500000000000
0.01681318681318682	-45922.80078125000000000
0.01697802197802199	-40900.39843750000000000
0.01714285714285715	-35883.28906250000000000
0.01730769230769232	-30832.56250000000000000
0.01747252747252748	-25803.48437500000000000
0.01763736263736265	-20764.63085937500000000
0.01780219780219781	-15757.47851562500000000
0.01796703296703298	-10710.06250000000000000
0.01813186813186814	-5688.12695312500000000
0.01829670329670331	-660.83312988281250000
0.01846153846153847	4374.91992187500000000
0.01862637362637364	9456.61425781250000000
0.01879120879120880	14505.28515625000000000
0.01895604395604397	19519.47265625000000000
0.01912087912087913	24544.04687500000000000
0.01928571428571429	29562.37695312500000000
0.01945054945054946	34611.74609375000000000
0.01961538461538462	39636.17968750000000000
0.01978021978021979	44670.39453125000000000
0.01994505494505495	49699.26953125000000000
0.02010989010989012	54707.26562500000000000
0.02027472527472528	59744.16015625000000000
0.02043956043956045	61371.18359375000000000
0.02060439560439561	-55120.18359375000000000
0.02076923076923078	-50172.33984375000000000
0.02093406593406594	-45123.95703125000000000
0.02109890109890111	-40131.77343750000000000
0.02126373626373627	-35074.59375000000000000
0.02142857142857144	-30047.60742187500000000
0.02159340659340660	-25023.28906250000000000
0.02175824175824177	-19984.28320312500000000
0.02192307692307693	-14934.35742187500000000
0.02208791208791210	-9920.34082031250000000
0.02225274725274726	-4918.39306640625000000
0.02241758241758243	132.48788452148437500
0.02258241758241759	5139.09667968750000000
0.02274725274725276	10191.02832031250000000
0.02291208791208792	15180.74121093750000000
0.02307692307692309	20243.66601562500000000
0.02324175824175825	25257.60937500000000000
0.02340659340659342	30277.17578125000000000
0.02357142857142858	35336.44140625000000000
0.02373626373626375	40371.58984375000000000
0.02390109890109891	45391.05468750000000000
0.02406593406593408	50430.61328125000000000
0.02423076923076924	55440.11328125000000000
0.02439560439560441	60469.85546875000000000
0.02456043956043957	61392.90625000000000000
0.02472527472527474	-54401.85156250000000000
0.02489010989010990	-49428.07812500000000000
0.02505494505494507	-44407.98828125000000000
0.02521978021978023	-39379.59765625000000000
0.02538461538461540	-34363.54296875000000000
0.02554945054945056	-29323.27734375000000000
0.02571428571428573	-24277.15429687500000000
0.02587912087912089	-19253.73242187500000000
0.02604395604395606	-14239.06445312500000000
0.02620879120879122	-9170.24316406250000000
0.02637362637362639	-4126.39599609375000000
0.02653846153846155	913.89581298828125000
0.02670329670329672	5931.61718750000000000
0.02686813186813188	10939.88378906250000000
0.02703296703296705	16004.12988281250000000
0.02719780219780221	21026.95898437500000000
0.02736263736263738	26053.34179687500000000
0.02752747252747254	31107.33398437500000000
0.02769230769230771	36097.55078125000000000
0.02785714285714287	41142.94921875000000000
0.02802197802197804	46165.55468750000000000
0.02818681318681320	51200.75000000000000000
0.02835164835164837	56249.91796875000000000
0.02851648351648353	61256.01562500000000000
0.02868131868131870	61379.33593750000000000
0.02884615384615386	-53705.23437500000000000
0.02901098901098903	-48650.99609375000000000
0.02917582417582419	-43618.82031250000000000
0.02934065934065936	-38600.12500000000000000
0.02950549450549452	-33538.73828125000000000
0.02967032967032969	-28522.00000000000000000
0.02983516483516485	-23511.65820312500000000
0.03000000000000002	-18476.27734375000000000
0.03016483516483518	-13448.50292968750000000
0.03032967032967035	-8425.47851562500000000
0.03049450549450551	-3390.73095703125000000
0.03065934065934068	1633.54370117187500000
0.03082417582417584	6643.61962890625000000
0.03098901098901101	11700.02050781250000000
0.03115384615384617	16730.48632812500000000
0.03131868131868133	21741.74804687500000000
0.03148351648351649	26791.34179687500000000
0.03164835164835166	31822.00195312500000000
0.03181318681318682	36839.98828125000000000
0.03197802197802198	41875.18750000000000000
0.03214285714285714	46898.74218750000000000
0.03230769230769230	51937.65234375000000000
0.03247252747252746	56971.09375000000000000
0.03263736263736262	61393.76953125000000000
0.03280219780219779	52681.97656250000000000
0.03296703296703295	-47102.51171875000000000
0.03313186813186811	-42077.23437500000000000
0.03329670329670327	-37022.59765625000000000
0.03346153846153843	-32021.73632812500000000
0.03362637362637359	-26931.11914062500000000
0.03379120879120875	-21917.12304687500000000
0.03395604395604392	-16891.90820312500000000
0.03412087912087908	-11853.49121093750000000
0.03428571428571424	-6835.79638671875000000
0.03445054945054940	-1797.01037597656250000
0.03461538461538456	3261.64624023437500000
0.03478021978021972	8282.77539062500000000
0.03494505494505488	13305.16992187500000000
0.03510989010989005	18331.75976562500000000
0.03527472527472521	23367.73828125000000000
0.03543956043956037	28358.41796875000000000
0.03560439560439553	33420.35546875000000000
0.03576923076923069	38453.53515625000000000
0.03593406593406585	43501.46093750000000000
0.03609890109890102	48506.17187500000000000
0.03626373626373618	53560.52343750000000000
0.03642857142857134	58587.04296875000000000
0.03659340659340650	61369.47656250000000000
0.03675824175824166	-55105.18750000000000000
0.03692307692307682	-49399.21093750000000000
0.03708791208791198	-44353.18359375000000000
0.03725274725274715	-39306.19531250000000000
0.03741758241758231	-34292.61328125000000000
0.03758241758241747	-29257.23242187500000000
0.03774725274725263	-24239.03906250000000000
0.03791208791208779	-19192.98046875000000000
0.03807692307692295	-14177.75195312500000000
0.03824175824175811	-9158.74218750000000000
0.03840659340659328	-4118.49658203125000000
0.03857142857142844	910.16723632812500000
0.03873626373626360	5946.33496093750000000
0.03890109890109876	10969.84179687500000000
0.03906593406593392	15988.33398437500000000
0.03923076923076908	21015.68750000000000000
0.03939560439560424	26061.44140625000000000
0.03956043956043941	31086.13281250000000000
0.03972527472527457	36093.02343750000000000
0.03989010989010973	41133.03515625000000000
0.04005494505494489	46169.04687500000000000
0.04021978021978005	51196.88671875000000000
0.04038461538461521	56240.24218750000000000
0.04054945054945037	61279.89062500000000000
0.04071428571428554	61389.59765625000000000
0.04087912087912070	70163.11718750000000000
0.04104395604395586	74565.22656250000000000
0.04120879120879102	56691.21484375000000000
0.04137362637362618	51498.17578125000000000
0.04153846153846134	46463.16015625000000000
0.04170329670329651	41422.88281250000000000
0.04186813186813167	36415.64843750000000000
0.04203296703296683	31381.27734375000000000
0.04219780219780199	26334.18750000000000000
0.04236263736263715	21331.46093750000000000
0.04252747252747231	16290.86328125000000000
0.04269230769230747	11250.80078125000000000
0.04285714285714264	6244.56494140625000000
0.04302197802197780	1234.61157226562500000
0.04318681318681296	-3827.95166015625000000
0.04335164835164812	-8859.88574218750000000
0.04351648351648328	-13905.78417968750000000
0.04368131868131844	-18910.09570312500000000
0.04384615384615360	-23935.46484375000000000
0.04401098901098877	-28973.42382812500000000
0.04417582417582393	-33986.31640625000000000
0.04434065934065909	-39021.23046875000000000
0.04450549450549425	-44068.19921875000000000
0.04467032967032941	-49083.34765625000000000
0.04483516483516457	-54126.85546875000000000
0.04499999999999973	75428.29687500000000000
0.04516483516483490	65957.56250000000000000
0.04532967032967006	55910.44140625000000000
0.04549450549450522	50769.80859375000000000
0.04565934065934038	45739.15625000000000000
0.04582417582417554	40714.11718750000000000
0.04598901098901070	35662.58984375000000000
0.04615384615384586	30643.62500000000000000
0.04631868131868103	25626.29101562500000000
0.04648351648351619	20591.18750000000000000
0.04664835164835135	15578.59570312500000000
0.04681318681318651	10534.96875000000000000
0.04697802197802167	5516.55664062500000000
0.04714285714285683	462.15234375000000000
0.04730769230769200	-4573.28759765625000000
0.04747252747252716	-9574.84082031250000000
0.04763736263736232	-14619.36035156250000000
0.04780219780219748	-19658.80664062500000000
0.04796703296703264	-24678.85546875000000000
0.04813186813186780	-29744.75195312500000000
0.04829670329670296	-34729.48828125000000000
0.04846153846153813	-39738.82031250000000000
0.04862637362637329	-44781.74609375000000000
0.04879120879120845	-49877.56250000000000000
0.04895604395604361	-54911.28125000000000000
0.04912087912087877	75434.93750000000000000
0.04928571428571393	60623.91406250000000000
0.04945054945054909	54958.58203125000000000
0.04961538461538426	49973.35937500000000000
0.04978021978021942	44971.94531250000000000
0.04994505494505458	39931.52734375000000000
0.05010989010988974	34898.80859375000000000
0.05027472527472490	30214.96093750000000000
0.05043956043956006	35221.35546875000000000
0.05060439560439522	40263.06640625000000000
0.05076923076923039	45282.22265625000000000
0.05093406593406555	50334.95703125000000000
0.05109890109890071	55340.15234375000000000
0.05126373626373587	60391.57812500000000000
0.05142857142857103	61379.66015625000000000
0.05159340659340619	-54517.25000000000000000
0.05175824175824136	-49523.86328125000000000
0.05192307692307652	-44501.93750000000000000
0.05208791208791168	-39473.48046875000000000
0.05225274725274684	-34446.26171875000000000
0.05241758241758200	-29417.46679687500000000
0.05258241758241716	-24378.41210937500000000
0.05274725274725232	-19324.19335937500000000
0.05291208791208749	-14328.66699218750000000
0.05307692307692265	-9313.79882812500000000
0.05324175824175781	-4250.54003906250000000
0.05340659340659297	771.94329833984375000
0.05357142857142813	5787.47119140625000000
0.05373626373626329	10822.58691406250000000
0.05390109890109845	15865.45605468750000000
0.05406593406593362	20865.68945312500000000
0.05423076923076878	22393.44335937500000000
0.05439560439560394	-11020.76367187500000000
0.05456043956043910	-6038.20947265625000000
0.05472527472527426	-988.02679443359375000
0.05489010989010942	4039.10595703125000000
0.05505494505494458	9057.48242187500000000
0.05521978021977975	14091.29492187500000000
0.05538461538461491	19120.39257812500000000
0.05554945054945007	24165.00195312500000000
0.05571428571428523	29199.30468750000000000
0.05587912087912039	34195.89843750000000000
0.05604395604395555	39254.37500000000000000
0.05620879120879071	44316.20703125000000000
0.05637362637362588	49371.55468750000000000
0.05653846153846104	54374.97656250000000000
0.05670329670329620	59401.41015625000000000
0.05686813186813136	61386.24609375000000000
0.05703296703296652	-55089.89453125000000000
0.05719780219780168	-50517.50781250000000000
0.05736263736263685	-45473.91406250000000000
0.05752747252747201	-40448.32812500000000000
0.05769230769230717	-35439.23437500000000000
0.05785714285714233	-30383.28515625000000000
0.05802197802197749	-25353.48828125000000000
0.05818681318681265	-20334.68554687500000000
0.05835164835164781	55618.12890625000000000
0.05851648351648298	55170.60546875000000000
0.05868131868131814	60194.81640625000000000
0.05884615384615330	61352.20703125000000000
0.05901098901098846	-54674.79296875000000000
0.05917582417582362	-49735.00390625000000000
0.05934065934065878	-44689.55078125000000000
0.05950549450549394	-39669.26953125000000000
0.05967032967032911	-34635.42187500000000000
0.05983516483516427	-29611.73632812500000000
0.05999999999999943	-24578.31445312500000000
0.06016483516483459	-19551.72656250000000000
0.06032967032966975	-14511.46875000000000000
0.06049450549450491	-9486.27050781250000000
0.06065934065934007	-4448.23681640625000000
0.06082417582417524	579.78314208984375000
0.06098901098901040	5605.79394531250000000
0.06115384615384556	10609.42675781250000000
0.06131868131868072	15644.78613281250000000
0.06148351648351588	20702.44726562500000000
0.06164835164835104	25720.66406250000000000
0.06181318681318621	30733.21484375000000000
0.06197802197802137	35789.15625000000000000
0.06214285714285653	40790.54687500000000000
0.06230769230769169	45790.10546875000000000
0.06247252747252685	45803.13671875000000000
0.06263736263736201	217.98716735839843750
0.06280219780219717	5229.57861328125000000
0.06296703296703234	10295.01464843750000000
0.06313186813186750	15324.69921875000000000
0.06329670329670266	20345.26171875000000000
0.06346153846153782	25345.42187500000000000
0.06362637362637298	30478.89648437500000000
0.06379120879120814	35461.36328125000000000
0.06395604395604330	40522.31640625000000000
0.06412087912087847	45561.43359375000000000
0.06428571428571363	50579.83203125000000000
0.06445054945054879	55594.05468750000000000
0.06461538461538395	60614.58593750000000000
0.06478021978021911	61406.77734375000000000
0.06494505494505427	-54252.36328125000000000
0.06510989010988943	-49257.14843750000000000
0.06527472527472460	-44256.49609375000000000
0.06543956043955976	-39208.30859375000000000
0.06560439560439492	-34181.39062500000000000
0.06576923076923008	-29173.10156250000000000
0.06593406593406524	-24132.54296875000000000
0.06609890109890040	-19113.94921875000000000
0.06626373626373556	-14066.52246093750000000
0.06642857142857073	-9847.55273437500000000
0.06659340659340589	-19062.57031250000000000
0.06675824175824105	-49755.32031250000000000
0.06692307692307621	-44747.95312500000000000
0.06708791208791137	-39713.52343750000000000
0.06725274725274653	-34660.39843750000000000
0.06741758241758170	-29652.78906250000000000
0.06758241758241686	-24630.88867187500000000
0.06774725274725202	-19610.90625000000000000
0.06791208791208718	-14556.74804687500000000
0.06807692307692234	-9544.50195312500000000
0.06824175824175750	-4512.67773437500000000
0.06840659340659266	546.09692382812500000
0.06857142857142783	5578.03613281250000000
0.06873626373626299	10575.19042968750000000
0.06890109890109815	15606.12890625000000000
0.06906593406593331	20633.09375000000000000
0.06923076923076847	25645.66406250000000000
0.06939560439560363	30680.94531250000000000
0.06956043956043879	35741.04687500000000000
0.06972527472527396	40762.46484375000000000
0.06989010989010912	45762.02343750000000000
0.07005494505494428	50808.57812500000000000
0.07021978021977944	55846.77343750000000000
0.07038461538461460	60866.21875000000000000
0.07054945054944976	61397.44140625000000000
0.07071428571428492	57077.85546875000000000
0.07087912087912009	55420.31640625000000000
0.07104395604395525	60481.77343750000000000
0.07120879120879041	61371.06250000000000000
0.07137362637362557	-54366.02343750000000000
0.07153846153846073	-49370.66796875000000000
0.07170329670329589	-44342.99609375000000000
0.07186813186813105	-39327.75000000000000000
0.07203296703296622	-34258.80859375000000000
0.07219780219780138	-29259.19531250000000000
0.07236263736263654	-24251.80078125000000000
0.07252747252747170	-19211.19531250000000000
0.07269230769230686	-14156.14257812500000000
0.07285714285714202	-9148.21777343750000000
0.07302197802197719	-4130.99023437500000000
0.07318681318681235	908.90405273437500000
0.07335164835164751	5934.63720703125000000
0.07351648351648267	10955.52539062500000000
0.07368131868131783	15993.65917968750000000
0.07384615384615299	21054.66601562500000000
0.07401098901098815	26075.28125000000000000
0.07417582417582332	31077.49218750000000000
0.07434065934065848	36126.46093750000000000
0.07450549450549364	41149.45703125000000000
0.07467032967032880	62490.66015625000000000
0.07483516483516396	60198.07031250000000000
0.07499999999999912	-53162.28125000000000000
0.07516483516483428	-48101.75781250000000000
0.07532967032966945	-43078.84375000000000000
0.07549450549450461	-38097.41796875000000000
0.07565934065933977	-33039.29296875000000000
0.07582417582417493	-27980.76171875000000000
0.07598901098901009	-22978.80273437500000000
0.07615384615384525	-17952.22070312500000000
0.07631868131868041	-12906.18554687500000000
0.07648351648351558	-7900.81152343750000000
0.07664835164835074	-2843.87377929687500000
0.07681318681318590	2191.96752929687500000
0.07697802197802106	7171.84619140625000000
0.07714285714285622	12244.04394531250000000
0.07730769230769138	17268.12304687500000000
0.07747252747252655	22284.89453125000000000
0.07763736263736171	27317.19140625000000000
0.07780219780219687	32334.34570312500000000
0.07796703296703203	37391.88281250000000000
0.07813186813186719	42422.83203125000000000
0.07829670329670235	47467.65234375000000000
0.07846153846153751	52488.11718750000000000
0.07862637362637268	57551.55468750000000000
0.07879120879120784	59440.37500000000000000
0.07895604395604300	-17403.82031250000000000
0.07912087912087816	-12304.76757812500000000
0.07928571428571332	-7294.85009765625000000
0.07945054945054848	-2241.98217773437500000
0.07961538461538364	2765.41772460937500000
0.07978021978021881	7788.87695312500000000
0.07994505494505397	12805.12695312500000000
0.08010989010988913	17867.90234375000000000
0.08027472527472429	22878.58789062500000000
0.08043956043955945	27912.11523437500000000
0.08060439560439461	32938.42578125000000000
0.08076923076922977	37984.03125000000000000
0.08093406593406494	43023.61328125000000000
0.08109890109890010	48031.39062500000000000
0.08126373626373526	53047.78906250000000000
0.08142857142857042	58089.89843750000000000
0.08159340659340558	61385.63671875000000000
0.08175824175824074	-50277.85937500000000000
0.08192307692307590	-51818.67968750000000000
0.08208791208791107	-46801.73828125000000000
0.08225274725274623	-41746.59375000000000000
0.08241758241758139	-36729.38281250000000000
0.08258241758241655	-31696.97851562500000000
0.08274725274725171	-26663.77734375000000000
0.08291208791208687	29927.15429687500000000
0.08307692307692204	30962.21093750000000000
0.08324175824175720	36013.23828125000000000
0.08340659340659236	41021.04296875000000000
0.08357142857142752	46086.58593750000000000
0.08373626373626268	51099.11328125000000000
0.08390109890109784	56116.63671875000000000
0.08406593406593300	61154.33593750000000000
0.08423076923076817	61380.07812500000000000
0.08439560439560333	-53801.54296875000000000
0.08456043956043849	-48738.19921875000000000
0.08472527472527365	-43712.39843750000000000
0.08489010989010881	-38690.46093750000000000
0.08505494505494397	-33653.76171875000000000
0.08521978021977913	-28602.86132812500000000
0.08538461538461430	-23617.56835937500000000
0.08554945054944946	-18572.41210937500000000
0.08571428571428462	-13547.14648437500000000
0.08587912087911978	-8506.29687500000000000
0.08604395604395494	-3494.02270507812500000
0.08620879120879010	1587.62121582031250000
0.08637362637362526	6628.61083984375000000
0.08653846153846043	11637.63964843750000000
0.08670329670329559	16685.64843750000000000
0.08686813186813075	21716.49414062500000000
0.08703296703296591	41281.78515625000000000
0.08719780219780107	46152.43359375000000000
0.08736263736263623	51203.27343750000000000
0.08752747252747139	56221.21093750000000000
0.08769230769230656	61254.88671875000000000
0.08785714285714172	61370.85546875000000000
0.08802197802197688	-53738.78515625000000000
0.08818681318681204	-48636.87500000000000000
0.08835164835164720	-43619.21484375000000000
0.08851648351648236	-38575.83984375000000000
0.08868131868131753	-33560.71875000000000000
0.08884615384615269	-28519.53906250000000000
0.08901098901098785	-23480.40625000000000000
0.08917582417582301	-18481.41601562500000000
0.08934065934065817	-13446.62011718750000000
0.08950549450549333	-8411.62890625000000000
0.08967032967032849	-3364.73657226562500000
0.08983516483516366	1644.03784179687500000
0.08999999999999882	6678.36230468750000000
0.09016483516483398	11714.22167968750000000
0.09032967032966914	16745.09375000000000000
0.09049450549450430	21759.48828125000000000
0.09065934065933946	26802.02539062500000000
0.09082417582417462	31845.28320312500000000
0.09098901098900979	36483.50781250000000000
0.09115384615384495	35138.29687500000000000
0.09131868131868011	-40748.80468750000000000
0.09148351648351527	-35704.79687500000000000
0.09164835164835043	-30683.49804687500000000
0.09181318681318559	-25673.52734375000000000
0.09197802197802075	-20631.39257812500000000
0.09214285714285592	-15600.45214843750000000
0.09230769230769108	-10562.41113281250000000
0.09247252747252624	-5550.27441406250000000
0.09263736263736140	-521.21368408203125000
0.09280219780219656	4507.46142578125000000
0.09296703296703172	9547.79785156250000000
0.09313186813186689	14588.05761718750000000
0.09329670329670205	19606.61523437500000000
0.09346153846153721	24630.74218750000000000
0.09362637362637237	29703.58398437500000000
0.09379120879120753	34735.55078125000000000
0.09395604395604269	39757.23046875000000000
0.09412087912087785	44798.52343750000000000
0.09428571428571302	49832.41015625000000000
0.09445054945054818	54856.78515625000000000
0.09461538461538334	59894.16015625000000000
0.09478021978021850	61362.98046875000000000
0.09494505494505366	-54982.88281250000000000
0.09510989010988882	-28517.29882812500000000
0.09527472527472398	14905.07226562500000000
0.09543956043955915	17155.91796875000000000
0.09560439560439431	22190.90234375000000000
0.09576923076922947	27216.56835937500000000
0.09593406593406463	32262.06640625000000000
0.09609890109889979	37274.78515625000000000
0.09626373626373495	42303.76953125000000000
0.09642857142857011	47332.61328125000000000
0.09659340659340528	52376.58984375000000000
0.09675824175824044	57413.72656250000000000
0.09692307692307560	61366.75000000000000000
0.09708791208791076	20283.41015625000000000
0.09725274725274592	-52493.99609375000000000
0.09741758241758108	-47474.94921875000000000
0.09758241758241624	-42424.74218750000000000
0.09774725274725141	-37433.80078125000000000
0.09791208791208657	-32381.18164062500000000
0.09807692307692173	-27341.78515625000000000
0.09824175824175689	-22337.10156250000000000
0.09840659340659205	-17298.92578125000000000
0.09857142857142721	-12276.33789062500000000
0.09873626373626238	-7242.32324218750000000
0.09890109890109754	-2229.03662109375000000
0.09906593406593270	2831.07128906250000000
0.09923076923076786	52719.27734375000000000
0.09939560439560302	60062.69140625000000000
0.09956043956043818	61349.91015625000000000
0.09972527472527334	-55080.04687500000000000
0.09989010989010851	-50668.70312500000000000
0.10005494505494367	-45628.08593750000000000
0.10021978021977883	-40614.26562500000000000
0.10038461538461399	-35557.82031250000000000
0.10054945054944915	-30501.27343750000000000
0.10071428571428431	-25503.96679687500000000
0.10087912087911947	-20490.25195312500000000
0.10104395604395464	-15452.69042968750000000
0.10120879120878980	-10361.51660156250000000
0.10137362637362496	-5342.57910156250000000
0.10153846153846012	-300.65975952148437500
0.10170329670329528	4702.54736328125000000
0.10186813186813044	9769.72265625000000000
0.10203296703296560	14771.21972656250000000
0.10219780219780077	19817.85546875000000000
0.10236263736263593	24849.08593750000000000
0.10252747252747109	29873.20312500000000000
0.10269230769230625	34899.28906250000000000
0.10285714285714141	39925.78515625000000000
0.10302197802197657	44951.21875000000000000
0.10318681318681173	49974.24609375000000000
0.10335164835164690	52373.12500000000000000
0.10351648351648206	-51867.89062500000000000
0.10368131868131722	-47267.41015625000000000
0.10384615384615238	-42214.98828125000000000
0.10401098901098754	-37174.96484375000000000
0.10417582417582270	-32161.25781250000000000
0.10434065934065787	-27131.71289062500000000
0.10450549450549303	-22104.90429687500000000
0.10467032967032819	-17049.42382812500000000
0.10483516483516335	-12025.68164062500000000
0.10499999999999851	-6982.13232421875000000
0.10516483516483367	-2000.26293945312500000
0.10532967032966883	3052.06225585937500000
0.10549450549450400	8066.10400390625000000
0.10565934065933916	13114.87207031250000000
0.10582417582417432	18154.98437500000000000
0.10598901098900948	23180.84179687500000000
0.10615384615384464	28194.74609375000000000
0.10631868131867980	33239.94921875000000000
0.10648351648351496	38263.95312500000000000
0.10664835164835013	43284.87109375000000000
0.10681318681318529	48341.93359375000000000
0.10697802197802045	53395.82421875000000000
0.10714285714285561	58405.96875000000000000
0.10730769230769077	61393.08984375000000000
0.10747252747252593	50985.64062500000000000
0.10763736263736109	45357.08984375000000000
0.10780219780219626	50401.48828125000000000
0.10796703296703142	55443.17968750000000000
0.10813186813186658	60466.26562500000000000
0.10829670329670174	61387.31640625000000000
0.10846153846153690	-54390.79687500000000000
0.10862637362637206	-49389.58593750000000000
0.10879120879120723	-44366.87109375000000000
0.10895604395604239	-39292.16406250000000000
0.10912087912087755	-34303.68750000000000000
0.10928571428571271	-29270.32617187500000000
0.10945054945054787	-24268.17578125000000000
0.10961538461538303	-19194.18945312500000000
0.10978021978021819	-14163.34765625000000000
0.10994505494505336	-9167.56738281250000000
0.11010989010988852	-4124.66894531250000000
0.11027472527472368	892.88018798828125000
0.11043956043955884	5928.72900390625000000
0.11060439560439400	10969.36718750000000000
0.11076923076922916	15996.12890625000000000
0.11093406593406432	21028.16796875000000000
0.11109890109889949	26042.00781250000000000
0.11126373626373465	31100.87500000000000000
0.11142857142856981	36124.61718750000000000
0.11159340659340497	37057.00781250000000000
0.11175824175824013	8584.53222656250000000
0.11192307692307529	13601.59375000000000000
0.11208791208791045	18632.52148437500000000
0.11225274725274562	23662.76171875000000000
0.11241758241758078	28702.03320312500000000
0.11258241758241594	33715.73046875000000000
0.11274725274725110	38745.31640625000000000
0.11291208791208626	43785.06640625000000000
0.11307692307692142	48838.73828125000000000
0.11324175824175658	53843.35937500000000000
0.11340659340659175	58889.27343750000000000
0.11357142857142691	61369.65625000000000000
0.11373626373626207	-55103.62890625000000000
0.11390109890109723	-51045.01562500000000000
0.11406593406593239	-46042.17187500000000000
0.11423076923076755	-40984.96484375000000000
0.11439560439560272	-35955.31640625000000000
0.11456043956043788	-30932.63085937500000000
0.11472527472527304	-25904.71093750000000000
0.11489010989010820	-20881.88281250000000000
0.11505494505494336	-15840.12402343750000000
0.11521978021977852	-10799.94824218750000000
0.11538461538461368	-5780.28369140625000000
0.11554945054944885	-749.17987060546875000
0.11571428571428401	60793.57421875000000000
0.11587912087911917	61356.35546875000000000
0.11604395604395433	33626.57421875000000000
0.11620879120878949	-52604.70312500000000000
0.11637362637362465	-47591.56640625000000000
0.11653846153845981	-42537.56640625000000000
0.11670329670329498	-37534.07812500000000000
0.11686813186813014	-32472.88476562500000000
0.11703296703296530	-27453.81250000000000000
0.11719780219780046	-22441.61523437500000000
0.11736263736263562	-17370.67773437500000000
0.11752747252747078	-12367.13574218750000000
0.11769230769230594	-7323.70751953125000000
0.11785714285714111	-2308.71875000000000000
0.11802197802197627	2718.10766601562500000
0.11818681318681143	7746.13134765625000000
0.11835164835164659	12770.54296875000000000
0.11851648351648175	17781.94335937500000000
0.11868131868131691	22818.34179687500000000
0.11884615384615208	27861.33007812500000000
0.11901098901098724	32901.63671875000000000
0.11917582417582240	37916.78125000000000000
0.11934065934065756	42923.48828125000000000
0.11950549450549272	48013.07421875000000000
0.11967032967032788	52363.92187500000000000
0.11983516483516304	45476.30468750000000000
0.11999999999999821	-14328.82714843750000000
0.12016483516483337	-9296.01464843750000000
0.12032967032966853	-4276.62207031250000000
0.12049450549450369	781.57971191406250000
0.12065934065933885	5817.30273437500000000
0.12082417582417401	10830.64941406250000000
0.12098901098900917	15830.14355468750000000
0.12115384615384434	20881.59765625000000000
0.12131868131867950	25937.79687500000000000
0.12148351648351466	30971.18945312500000000
0.12164835164834982	35975.33593750000000000
0.12181318681318498	41007.58593750000000000
0.12197802197802014	46027.04687500000000000
0.12214285714285530	51065.75390625000000000
0.12230769230769047	56071.51953125000000000
0.12247252747252563	61118.79687500000000000
0.12263736263736079	61366.56640625000000000
0.12280219780219595	-53846.97656250000000000
0.12296703296703111	-48807.93359375000000000
0.12313186813186627	-43766.48046875000000000
0.12329670329670143	-38724.53906250000000000
0.12346153846153660	-33709.34765625000000000
0.12362637362637176	-28606.57617187500000000
0.12379120879120692	-24650.23828125000000000
0.12395604395604208	-21740.35156250000000000
0.12412087912087724	-16700.84375000000000000
0.12428571428571240	-11681.16015625000000000
0.12445054945054757	-6690.28369140625000000
0.12461538461538273	-1633.00878906250000000
0.12478021978021789	3393.03881835937500000
0.12494505494505305	8457.92968750000000000
0.12510989010988821	13490.81152343750000000
0.12527472527472339	18478.92382812500000000
0.12543956043955856	23512.61718750000000000
0.12560439560439374	28535.90820312500000000
0.12576923076922891	33621.66015625000000000
0.12593406593406409	38605.02343750000000000
0.12609890109889926	43650.23046875000000000
0.12626373626373444	48696.74218750000000000
0.12642857142856961	53683.23437500000000000
0.12659340659340479	58743.58984375000000000
0.12675824175823996	61373.92187500000000000
0.12692307692307514	-55104.01171875000000000
0.12708791208791032	-51197.88281250000000000
0.12725274725274549	-46161.84765625000000000
0.12741758241758067	-41123.69531250000000000
0.12758241758241584	-36104.24218750000000000
0.12774725274725102	-31063.18359375000000000
0.12791208791208619	-9599.94726562500000000
0.12807692307692137	-5852.27392578125000000
0.12824175824175654	-808.45422363281250000
0.12840659340659172	4179.54492187500000000
0.12857142857142689	9194.51269531250000000
0.12873626373626207	14249.38085937500000000
0.12890109890109724	19262.75585937500000000
0.12906593406593242	24298.73828125000000000
0.12923076923076759	29320.56054687500000000
0.12939560439560277	34371.89843750000000000
0.12956043956043795	39388.74609375000000000
0.12972527472527312	44435.50781250000000000
0.12989010989010830	49464.08203125000000000
0.13005494505494347	54479.33984375000000000
0.13021978021977865	59508.47656250000000000
0.13038461538461382	61375.26562500000000000
0.13054945054944900	-55096.71875000000000000
0.13071428571428417	-50405.97656250000000000
0.13087912087911935	-45363.22265625000000000
0.13104395604395452	-40351.32812500000000000
0.13120879120878970	-35296.38281250000000000
0.13137362637362487	-30224.89453125000000000
0.13153846153846005	-25225.31835937500000000
0.13170329670329523	-20180.43164062500000000
0.13186813186813040	-15142.29882812500000000
0.13203296703296558	52163.19531250000000000
0.13219780219780075	51353.23828125000000000
0.13236263736263593	56320.15234375000000000
0.13252747252747110	61346.18359375000000000
0.13269230769230628	61378.82031250000000000
0.13285714285714145	-53625.89453125000000000
0.13302197802197663	-48555.15625000000000000
0.13318681318681180	-43486.97265625000000000
0.13335164835164698	-38474.70312500000000000
0.13351648351648215	-33475.28515625000000000
0.13368131868131733	-28439.97656250000000000
0.13384615384615250	-23410.05468750000000000
0.13401098901098768	-18361.55664062500000000
0.13417582417582286	-13348.39746093750000000
0.13434065934065803	-8311.98828125000000000
0.13450549450549321	-3277.77026367187500000
0.13467032967032838	1760.38049316406250000
0.13483516483516356	6768.91162109375000000
0.13499999999999873	11779.02539062500000000
0.13516483516483391	16829.22656250000000000
0.13532967032966908	21865.11914062500000000
0.13549450549450426	26901.14062500000000000
0.13565934065933943	31949.02343750000000000
0.13582417582417461	36938.92968750000000000
0.13598901098900978	41980.26953125000000000
0.13615384615384496	43426.66015625000000000
0.13631868131868013	20337.95507812500000000
0.13648351648351531	25316.28515625000000000
0.13664835164835049	30340.41992187500000000
0.13681318681318566	35378.56250000000000000
0.13697802197802084	40406.27734375000000000
0.13714285714285601	45468.09375000000000000
0.13730769230769119	50476.88281250000000000
0.13747252747252636	55507.49609375000000000
0.13763736263736154	60525.99609375000000000
0.13780219780219671	61384.27343750000000000
0.13796703296703189	-54354.18359375000000000
0.13813186813186706	-49367.10937500000000000
0.13829670329670224	-44336.16015625000000000
0.13846153846153741	-39306.51953125000000000
0.13862637362637259	-34229.07421875000000000
0.13879120879120777	-29211.16992187500000000
0.13895604395604294	-24180.24609375000000000
0.13912087912087812	-19167.16601562500000000
0.13928571428571329	-14130.48828125000000000
0.13945054945054847	-9086.69921875000000000
0.13961538461538364	-4062.80664062500000000
0.13978021978021882	976.01800537109375000
0.13994505494505399	5980.64697265625000000
0.14010989010988917	11014.30175781250000000
0.14027472527472434	58624.85546875000000000
0.14043956043955952	61112.40625000000000000
0.14060439560439469	61389.10546875000000000
0.14076923076922987	-53846.54687500000000000
0.14093406593406504	-48794.91796875000000000
0.14109890109890022	-43784.73437500000000000
0.14126373626373540	-38726.71484375000000000
0.14142857142857057	-33685.61328125000000000
0.14159340659340575	-28692.33789062500000000
0.14175824175824092	-23631.01562500000000000
0.14192307692307610	-18619.13867187500000000
0.14208791208791127	-13578.30957031250000000
0.14225274725274645	-8563.13183593750000000
0.14241758241758162	-3526.84960937500000000
0.14258241758241680	1516.02258300781250000
0.14274725274725197	6540.04150390625000000
0.14291208791208715	11562.54394531250000000
0.14307692307692232	16574.55078125000000000
0.14324175824175750	21605.29882812500000000
0.14340659340659268	26646.85156250000000000
0.14357142857142785	31650.99023437500000000
0.14373626373626303	36718.54687500000000000
0.14390109890109820	41716.71484375000000000
0.14406593406593338	46791.40234375000000000
0.14423076923076855	51773.60156250000000000
0.14439560439560373	51870.99218750000000000
0.14456043956043890	53512.57421875000000000
0.14472527472527408	58577.24218750000000000
0.14489010989010925	61381.22265625000000000
0.14505494505494443	-55093.84765625000000000
0.14521978021977960	-51328.82421875000000000
0.14538461538461478	-46302.57421875000000000
0.14554945054944995	-41266.34375000000000000
0.14571428571428513	-36250.85156250000000000
0.14587912087912031	-31225.69531250000000000
0.14604395604395548	-26187.06640625000000000
0.14620879120879066	-21074.57226562500000000
0.14637362637362583	-16071.15527343750000000
0.14653846153846101	-11046.15527343750000000
0.14670329670329618	-6013.58984375000000000
0.14686813186813136	-968.98693847656250000
0.14703296703296653	4036.36230468750000000
0.14719780219780171	9073.95410156250000000
0.14736263736263688	14099.96093750000000000
0.14752747252747206	19138.94726562500000000
0.14769230769230723	24152.80273437500000000
0.14785714285714241	29169.57421875000000000
0.14802197802197758	34207.98437500000000000
0.14818681318681276	39244.94921875000000000
0.14835164835164794	43345.04687500000000000
0.14851648351648311	27133.84960937500000000
0.14868131868131829	-10872.08789062500000000
0.14884615384615346	-5808.12548828125000000
0.14901098901098864	-815.19226074218750000
0.14917582417582381	4230.16015625000000000
0.14934065934065899	9277.43554687500000000
0.14950549450549416	14301.29882812500000000
0.14967032967032934	19318.49804687500000000
0.14983516483516451	24349.80273437500000000
0.14999999999999969	29355.32421875000000000
0.15016483516483486	34408.44531250000000000
0.15032967032967004	39437.25000000000000000
0.15049450549450522	44482.16015625000000000
0.15065934065934039	49503.25781250000000000
0.15082417582417557	54530.48828125000000000
0.15098901098901074	59538.55859375000000000
0.15115384615384592	61382.96875000000000000
0.15131868131868109	-55063.33593750000000000
0.15148351648351627	-50368.80078125000000000
0.15164835164835144	-45308.83984375000000000
0.15181318681318662	-40300.29296875000000000
0.15197802197802179	-35263.26953125000000000
0.15214285714285697	-30219.10937500000000000
0.15230769230769214	-25200.54101562500000000
0.15247252747252732	-551.54583740234375000
0.15263736263736249	8234.83300781250000000
0.15280219780219767	13309.83105468750000000
0.15296703296703285	18347.12695312500000000
0.15313186813186802	23383.69335937500000000
0.15329670329670320	28391.80664062500000000
0.15346153846153837	33428.36328125000000000
0.15362637362637355	38521.35156250000000000
0.15379120879120872	43548.64062500000000000
0.15395604395604390	48563.33203125000000000
0.15412087912087907	53594.82812500000000000
0.15428571428571425	58626.71093750000000000
0.15445054945054942	61370.67968750000000000
0.15461538461538460	-55093.80859375000000000
0.15478021978021977	-51311.10937500000000000
0.15494505494505495	-46252.05078125000000000
0.15510989010989013	-41218.43750000000000000
0.15527472527472530	-36194.49609375000000000
0.15543956043956048	-31189.38671875000000000
0.15560439560439565	-26125.76367187500000000
0.15576923076923083	-21086.85351562500000000
0.15593406593406600	-16038.89550781250000000
0.15609890109890118	-11045.98828125000000000
0.15626373626373635	-6003.69287109375000000
0.15642857142857153	-998.92645263671875000
0.15659340659340670	30420.64648437500000000
0.15675824175824188	32799.35156250000000000
0.15692307692307705	37780.16015625000000000
0.15708791208791223	42776.10156250000000000
0.15725274725274740	47839.75390625000000000
0.15741758241758258	52866.80468750000000000
0.15758241758241776	57902.07812500000000000
0.15774725274725293	61377.46875000000000000
0.15791208791208811	-32100.41015625000000000
0.15807692307692328	-52016.17187500000000000
0.15824175824175846	-46980.24218750000000000
0.15840659340659363	-41944.20312500000000000
0.15857142857142881	-36944.35937500000000000
0.15873626373626398	-31911.34570312500000000
0.15890109890109916	-26866.82421875000000000
0.15906593406593433	-21830.48046875000000000
0.15923076923076951	-16803.37695312500000000
0.15939560439560468	-11763.63085937500000000
0.15956043956043986	-6752.14794921875000000
0.15972527472527503	-1734.44567871093750000
0.15989010989011021	3307.76220703125000000
0.16005494505494539	8315.47949218750000000
0.16021978021978056	13378.38574218750000000
0.16038461538461574	18379.82226562500000000
0.16054945054945091	23443.67773437500000000
0.16071428571428609	25446.46093750000000000
0.16087912087912126	21250.62304687500000000
0.16104395604395644	26297.85742187500000000
0.16120879120879161	31372.72265625000000000
0.16137362637362679	36445.29687500000000000
0.16153846153846196	41457.96484375000000000
0.16170329670329714	46460.82031250000000000
0.16186813186813231	51476.32812500000000000
0.16203296703296749	56533.46875000000000000
0.16219780219780267	61373.33984375000000000
0.16236263736263784	61109.87500000000000000
0.16252747252747302	-53416.60546875000000000
0.16269230769230819	-48323.87500000000000000
0.16285714285714337	-43336.45703125000000000
0.16302197802197854	-38306.67968750000000000
0.16318681318681372	-33255.30078125000000000
0.16335164835164889	-28234.01953125000000000
0.16351648351648407	-23188.59375000000000000
0.16368131868131924	-18180.23437500000000000
0.16384615384615442	-13139.41894531250000000
0.16401098901098959	-8121.88964843750000000
0.16417582417582477	-3070.74975585937500000
0.16434065934065994	1936.94677734375000000
0.16450549450549512	6958.41308593750000000
0.16467032967033030	12016.35546875000000000
0.16483516483516547	50422.17578125000000000
