867650000	-92.98628234863281250
867650499	-91.16410827636718750
867650999	-90.50918579101562500
867651498	-90.92615509033203125
867651998	-92.42782592773437500
867652497	-95.15984344482421875
867652997	-99.53126525878906250
867653496	-106.00771331787109375
867653996	-106.89508056640625000
867654495	-102.88542175292968750
867654995	-100.75382995605468750
867655494	-99.62815856933593750
867655994	-98.94808197021484375
867656493	-98.59095001220703125
867656993	-98.43791961669921875
867657492	-98.17002105712890625
867657992	-97.51492309570312500
867658491	-96.52892303466796875
867658991	-95.42210388183593750
867659490	-94.37725067138671875
867659990	-93.55343627929687500
867660489	-93.05546569824218750
867660989	-92.80834197998046875
867661488	-92.46745300292968750
867661988	-91.65768432617187500
867662487	-90.49932861328125000
867662987	-89.49875640869140625
867663486	-89.05532836914062500
867663986	-89.34582519531250000
867664485	-90.38037872314453125
867664985	-91.97624969482421875
867665484	-93.64729309082031250
867665984	-94.77529144287109375
867666483	-95.26617431640625000
867666983	-95.55246734619140625
867667482	-95.94299316406250000
867667982	-96.20646667480468750
867668481	-95.62934112548828125
867668981	-94.16418457031250000
867669480	-92.63487243652343750
867669980	-91.56865692138671875
867670479	-91.03216552734375000
867670979	-90.91224670410156250
867671478	-91.05036926269531250
867671978	-91.25560760498046875
867672477	-91.35234832763671875
867672977	-91.33738708496093750
867673476	-91.44235229492187500
867673976	-91.96923065185546875
867674475	-93.11994934082031250
867674975	-94.91854858398437500
867675474	-96.93630218505859375
867675974	-97.77756500244140625
867676473	-96.77541351318359375
867676973	-95.39878082275390625
867677472	-94.61373138427734375
867677972	-94.61230468750000000
867678471	-95.40337371826171875
867678971	-97.07096862792968750
867679470	-99.92198944091796875
867679970	-104.82581329345703125
867680469	-115.36827850341796875
867680969	-113.51722717285156250
867681468	-107.41498565673828125
867681968	-104.96022796630859375
867682467	-102.73284149169921875
867682967	-100.04900360107421875
867683466	-97.77400207519531250
867683966	-96.47536468505859375
867684465	-96.28375244140625000
867684965	-97.22318267822265625
867685464	-99.28549194335937500
867685964	-101.94142913818359375
867686463	-102.29724121093750000
867686963	-99.49057769775390625
867687462	-96.61188507080078125
867687962	-94.37509918212890625
867688461	-92.67644500732421875
867688961	-91.47595214843750000
867689460	-90.84277343750000000
867689960	-90.88330841064453125
867690459	-91.69393157958984375
867690959	-93.32811737060546875
867691458	-95.73878479003906250
867691958	-98.63099670410156250
867692457	-100.74374389648437500
867692957	-99.63267517089843750
867693456	-96.67554473876953125
867693956	-94.24987792968750000
867694455	-92.83978271484375000
867694955	-92.34905242919921875
867695454	-92.58782196044921875
867695954	-93.37141418457031250
867696453	-94.54619598388671875
867696953	-95.97615051269531250
867697452	-97.34931945800781250
867697952	-97.82933044433593750
867698451	-96.79038238525390625
867698951	-95.08345794677734375
867699450	-93.68547058105468750
867699950	-92.94889831542968750
867700449	-92.85635375976562500
867700949	-93.10068511962890625
867701448	-93.12107849121093750
867701948	-92.62638092041015625
867702447	-92.01284790039062500
867702947	-91.78492736816406250
867703446	-92.14765167236328125
867703946	-93.05902862548828125
867704445	-94.22059631347656250
867704945	-95.03393554687500000
867705444	-95.14178466796875000
867705944	-95.06847381591796875
867706443	-95.55838012695312500
867706943	-96.91770172119140625
867707442	-98.87069702148437500
867707942	-100.37242126464843750
867708441	-100.33538055419921875
867708941	-98.71939849853515625
867709440	-96.20408630371093750
867709940	-93.82827758789062500
867710439	-92.21753692626953125
867710939	-91.53100585937500000
867711438	-91.71519470214843750
867711938	-92.57775878906250000
867712437	-93.74121856689453125
867712937	-94.69863891601562500
867713436	-95.08183288574218750
867713936	-94.76744842529296875
867714435	-93.95743560791015625
867714935	-93.20838928222656250
867715434	-92.94704437255859375
867715934	-93.26265716552734375
867716433	-94.00090026855468750
867716933	-94.94209289550781250
867717432	-96.04198455810546875
867717932	-97.50476837158203125
867718431	-99.65207672119140625
867718931	-102.89844512939453125
867719430	-108.29085540771484375
867719930	-112.87883758544921875
867720429	-103.31804656982421875
867720929	-97.15517425537109375
867721428	-93.08000183105468750
867721928	-90.35543823242187500
867722427	-88.71237945556640625
867722927	-88.04095458984375000
867723426	-88.30348205566406250
867723926	-89.50618743896484375
867724425	-91.68953704833984375
867724925	-94.92158508300781250
867725424	-99.23616790771484375
867725924	-103.85062408447265625
867726423	-105.34295654296875000
867726923	-104.47087860107421875
867727422	-104.69793701171875000
867727922	-107.10982513427734375
867728421	-110.33047485351562500
867728921	-105.09691619873046875
867729420	-99.81977081298828125
867729920	-96.51607513427734375
867730419	-94.60401916503906250
867730919	-93.79281616210937500
867731418	-93.79447174072265625
867731918	-93.93103790283203125
867732417	-93.18983459472656250
867732917	-91.61956787109375000
867733416	-90.18220520019531250
867733916	-89.39089202880859375
867734415	-89.30437469482421875
867734915	-89.76142883300781250
867735414	-90.44036102294921875
867735914	-90.97821807861328125
867736413	-91.26186370849609375
867736913	-91.48464202880859375
867737412	-91.83643341064453125
867737912	-92.31524658203125000
867738411	-92.80924987792968750
867738911	-93.29038238525390625
867739410	-93.98601531982421875
867739910	-95.34409332275390625
867740409	-98.01062774658203125
867740909	-103.14156341552734375
867741408	-108.00474548339843750
867741908	-101.90031433105468750
867742407	-98.44970703125000000
867742907	-97.16502380371093750
867743406	-97.02983856201171875
867743906	-97.13229370117187500
867744405	-96.54672241210937500
867744905	-95.03598022460937500
867745404	-93.09468841552734375
867745904	-91.25309753417968750
867746403	-89.85649108886718750
867746903	-89.09683990478515625
867747402	-89.10696411132812500
867747902	-90.01808929443359375
867748401	-91.95532989501953125
867748901	-94.73297119140625000
867749400	-96.52983856201171875
867749900	-95.61436462402343750
867750399	-94.49893188476562500
867750899	-94.59868621826171875
867751398	-96.09523773193359375
867751898	-99.06983947753906250
867752397	-103.81069946289062500
867752897	-107.06880187988281250
867753396	-100.95774078369140625
867753896	-95.80795288085937500
867754395	-92.47808837890625000
867754895	-90.50781250000000000
867755394	-89.68859100341796875
867755894	-89.93943023681640625
867756393	-91.23405456542968750
867756893	-93.44673919677734375
867757392	-95.77044677734375000
867757892	-96.38646697998046875
867758391	-95.44132995605468750
867758891	-94.48332977294921875
867759390	-94.00087738037109375
867759890	-94.09085083007812500
867760389	-94.96582794189453125
867760889	-97.06052398681640625
867761388	-101.16704559326171875
867761888	-105.73994445800781250
867762387	-100.88676452636718750
867762887	-96.80912780761718750
867763386	-94.79847717285156250
867763886	-94.11490631103515625
867764385	-94.35620117187500000
867764885	-95.26639556884765625
867765384	-96.61884307861328125
867765884	-97.96203613281250000
867766383	-98.35264587402343750
867766883	-97.46418762207031250
867767382	-96.21796417236328125
867767882	-95.22851562500000000
867768381	-94.49230957031250000
867768881	-93.81768035888671875
867769380	-93.14771270751953125
867769880	-92.66811370849609375
867770379	-92.74829101562500000
867770879	-93.87291717529296875
867771378	-96.61273193359375000
867771878	-100.11138916015625000
867772377	-97.55768585205078125
867772877	-93.82588195800781250
867773376	-92.12196350097656250
867773876	-92.19410705566406250
867774375	-93.66468811035156250
867774875	-95.26176452636718750
867775374	-94.91807556152343750
867775874	-93.95228576660156250
867776373	-94.33774566650390625
867776873	-96.96057891845703125
867777372	-103.68008422851562500
867777872	-111.27600097656250000
867778371	-101.02313995361328125
867778871	-97.55598449707031250
867779370	-96.10427856445312500
867779870	-95.40029144287109375
867780369	-94.83155822753906250
867780869	-94.06148529052734375
867781368	-93.03710937500000000
867781868	-92.01247406005859375
867782367	-91.35946655273437500
867782867	-91.41992187500000000
867783366	-92.41841125488281250
867783866	-93.98581695556640625
867784365	-93.86266326904296875
867784865	-91.28993225097656250
867785364	-88.75330352783203125
867785864	-86.99085998535156250
867786363	-85.80809020996093750
867786863	-84.99708557128906250
867787362	-84.53858947753906250
867787862	-84.55802917480468750
867788361	-85.20433807373046875
867788861	-86.54960632324218750
867789360	-88.39542388916015625
867789860	-89.81791687011718750
867790359	-89.64640045166015625
867790859	-88.60992431640625000
867791358	-87.96621704101562500
867791858	-88.17876434326171875
867792357	-89.38839721679687500
867792857	-91.76187896728515625
867793356	-95.61683654785156250
867793856	-99.47631072998046875
867794355	-95.81634521484375000
867794855	-91.12530517578125000
867795354	-87.93074035644531250
867795854	-85.90835571289062500
867796353	-84.87284851074218750
867796853	-84.76398468017578125
867797352	-85.60218048095703125
867797852	-87.53502655029296875
867798351	-91.05430603027343750
867798851	-98.10410308837890625
867799350	-105.57407379150390625
867799850	-94.35723114013671875
867800349	-90.01290893554687500
867800849	-87.77553558349609375
867801348	-86.71507263183593750
867801848	-86.53303527832031250
867802347	-87.08136749267578125
867802847	-88.22477722167968750
867803346	-89.76496124267578125
867803846	-91.35359191894531250
867804345	-92.42489624023437500
867804845	-92.54773712158203125
867805344	-92.08394622802734375
867805844	-91.77814483642578125
867806343	-92.13820648193359375
867806843	-93.54991149902343750
867807342	-96.59763336181640625
867807842	-102.28591918945312500
867808341	-102.58348083496093750
867808841	-96.69975280761718750
867809340	-93.31628417968750000
867809840	-91.32869720458984375
867810339	-90.04393768310546875
867810839	-89.14879608154296875
867811338	-88.53559112548828125
867811838	-88.19113159179687500
867812337	-88.09774017333984375
867812837	-88.16911315917968750
867813336	-88.28294372558593750
867813836	-88.45853424072265625
867814335	-88.96571350097656250
867814835	-90.22592163085937500
867815334	-92.78847503662109375
867815834	-97.74949645996093750
867816333	-108.43755340576171875
867816833	-101.79940032958984375
867817332	-96.58556365966796875
867817832	-94.10753631591796875
867818331	-92.51571655273437500
867818831	-91.24463653564453125
867819330	-90.25064086914062500
867819830	-89.56030273437500000
867820329	-88.98132324218750000
867820829	-88.14106750488281250
867821328	-86.92708587646484375
867821828	-85.68079376220703125
867822327	-84.77476501464843750
867822827	-84.36448669433593750
867823326	-84.42935943603515625
867823826	-84.83942413330078125
867824325	-85.38639068603515625
867824825	-85.81998443603515625
867825324	-85.96237945556640625
867825824	-85.84133911132812500
867826323	-85.67638397216796875
867826823	-85.73852539062500000
867827322	-86.22514343261718750
867827822	-87.19495391845703125
867828321	-88.51393890380859375
867828821	-89.85935211181640625
867829320	-90.99674224853515625
867829820	-92.07649993896484375
867830319	-93.38633728027343750
867830819	-94.89428710937500000
867831318	-96.06499481201171875
867831818	-96.25347900390625000
867832317	-95.45231628417968750
867832817	-94.23404693603515625
867833316	-93.30400848388671875
867833816	-93.25252532958984375
867834315	-94.50100708007812500
867834815	-97.14793395996093750
867835314	-98.71002197265625000
867835814	-95.88213348388671875
867836313	-92.84423065185546875
867836813	-90.73638153076171875
867837312	-89.13703155517578125
867837812	-87.75207519531250000
867838311	-86.62068176269531250
867838811	-85.97993469238281250
867839310	-86.09783935546875000
867839810	-87.26636505126953125
867840309	-89.96268463134765625
867840809	-95.47130584716796875
867841308	-113.41159820556640625
867841808	-100.17336273193359375
867842307	-96.42033386230468750
867842807	-97.16903686523437500
867843306	-101.23694610595703125
867843806	-102.37512969970703125
867844305	-97.58403015136718750
867844805	-94.22412109375000000
867845304	-91.48460388183593750
867845804	-89.21669006347656250
867846303	-87.88731384277343750
867846803	-87.92546844482421875
867847302	-89.94585418701171875
867847802	-95.70579528808593750
867848301	-97.13865661621093750
867848801	-89.01882934570312500
867849300	-85.20942687988281250
867849800	-83.33701324462890625
867850299	-82.20823669433593750
867850799	-80.98435211181640625
867851298	-79.48399353027343750
867851798	-78.04970550537109375
867852297	-76.91763305664062500
867852797	-76.08495330810546875
867853296	-75.47778320312500000
867853796	-75.04147338867187500
867854295	-74.76241302490234375
867854795	-74.64492034912109375
867855294	-74.68658447265625000
867855794	-74.85947418212890625
867856293	-75.08998870849609375
867856793	-75.26355743408203125
867857292	-75.31265258789062500
867857792	-75.32359313964843750
867858291	-75.52460479736328125
867858791	-76.15701293945312500
867859290	-77.40251159667968750
867859790	-79.39208221435546875
867860289	-82.20900726318359375
867860789	-85.64552307128906250
867861288	-88.54441833496093750
867861788	-90.53328704833984375
867862287	-94.54070281982421875
867862787	-105.09673309326171875
867863286	-93.43750762939453125
867863786	-88.47897338867187500
867864285	-86.45943450927734375
867864785	-85.81715393066406250
867865284	-86.02843475341796875
867865784	-86.66793823242187500
867866283	-87.00503540039062500
867866783	-86.39833068847656250
867867282	-85.55316162109375000
867867782	-85.62814331054687500
867868281	-87.11419677734375000
867868781	-88.52838134765625000
867869280	-88.28227233886718750
867869780	-89.00690460205078125
867870279	-89.34434509277343750
867870779	-85.84602355957031250
867871278	-83.87167358398437500
867871778	-85.49962615966796875
867872277	-88.46960449218750000
867872777	-82.01725769042968750
867873276	-78.36545562744140625
867873776	-76.99065399169921875
867874275	-74.46256256103515625
867874775	-70.27293395996093750
867875274	-66.60656738281250000
867875774	-63.64764022827148438
867876273	-60.81718826293945313
867876773	-57.84004211425781250
867877272	-54.91799545288085938
867877772	-52.22300338745117188
867878271	-49.74077987670898438
867878771	-47.38154602050781250
867879270	-45.09926223754882813
867879770	-42.91241455078125000
867880269	-40.85161209106445313
867880769	-38.94451141357421875
867881268	-37.20284652709960938
867881768	-35.62088775634765625
867882267	-34.19380187988281250
867882767	-32.91958236694335938
867883266	-31.79791831970214844
867883766	-30.82849121093750000
867884265	-30.00780868530273438
867884765	-29.33612823486328125
867885264	-28.81389999389648438
867885764	-28.44057464599609375
867886263	-28.21603012084960938
867886763	-28.14025115966796875
867887262	-28.21335029602050781
867887762	-28.43575477600097656
867888261	-28.80575561523437500
867888761	-29.32595825195312500
867889260	-29.99804306030273438
867889760	-30.82306098937988281
867890259	-31.80104827880859375
867890759	-32.93106460571289063
867891258	-34.21219635009765625
867891758	-35.64637374877929688
867892257	-37.22990417480468750
867892757	-38.97734451293945313
867893256	-40.89080810546875000
867893756	-42.95640182495117188
867894255	-45.14721298217773438
867894755	-47.44702529907226563
867895254	-49.87321090698242188
867895754	-52.45418167114257813
867896253	-55.13183212280273438
867896753	-57.87683486938476563
867897252	-60.65599060058593750
867897752	-63.54052734375000000
867898251	-66.62384033203125000
867898751	-69.92929077148437500
867899250	-73.54307556152343750
867899750	-77.45824432373046875
867900249	-80.10246276855468750
867900749	-81.24022674560546875
867901248	-83.46259307861328125
867901748	-88.19985961914062500
867902247	-92.74123382568359375
867902747	-92.84687042236328125
867903246	-93.90438842773437500
867903746	-90.78504943847656250
867904245	-88.44340515136718750
867904745	-89.00289916992187500
867905244	-92.55745697021484375
867905744	-101.21203613281250000
867906243	-102.04948425292968750
867906743	-95.39810180664062500
867907242	-92.64015960693359375
867907742	-91.49567413330078125
867908241	-91.22996520996093750
867908741	-89.68536376953125000
867909240	-86.31126403808593750
867909740	-83.59857940673828125
867910239	-82.37868499755859375
867910739	-82.87280273437500000
867911238	-85.78578948974609375
867911738	-95.26759338378906250
867912237	-91.49027252197265625
867912737	-83.40977478027343750
867913236	-79.92795562744140625
867913736	-78.14901733398437500
867914235	-77.20699310302734375
867914735	-76.60951995849609375
867915234	-76.01956939697265625
867915734	-75.29155731201171875
867916233	-74.50721740722656250
867916733	-73.84725952148437500
867917232	-73.43393707275390625
867917732	-73.31211090087890625
867918231	-73.48506164550781250
867918731	-73.94207763671875000
867919230	-74.65392303466796875
867919730	-75.53384399414062500
867920229	-76.40731811523437500
867920729	-77.09663391113281250
867921228	-77.64442443847656250
867921728	-78.39070892333984375
867922227	-79.77871704101562500
867922727	-82.21614074707031250
867923226	-85.95676422119140625
867923726	-89.68138885498046875
867924225	-89.47198486328125000
867924725	-88.08395385742187500
867925224	-87.82706451416015625
867925724	-88.64305114746093750
867926223	-90.38782501220703125
867926723	-93.25724792480468750
867927222	-97.68904113769531250
867927722	-102.97355651855468750
867928221	-104.06125640869140625
867928721	-99.94696807861328125
867929220	-95.22775268554687500
867929720	-91.83590698242187500
867930219	-89.74205017089843750
867930719	-88.57674407958984375
867931218	-87.95513916015625000
867931718	-87.55857086181640625
867932217	-87.22127532958984375
867932717	-87.01807403564453125
867933216	-87.22668457031250000
867933716	-88.20210266113281250
867934215	-90.36299133300781250
867934715	-94.28039550781250000
867935214	-98.97558593750000000
867935714	-96.64103698730468750
867936213	-93.59638214111328125
867936713	-92.72302246093750000
867937212	-93.46929168701171875
867937712	-94.45366668701171875
867938211	-93.46975708007812500
867938711	-91.60090637207031250
867939210	-90.66567230224609375
867939710	-91.05320739746093750
867940209	-92.67720031738281250
867940709	-94.74609375000000000
867941208	-94.88468933105468750
867941708	-93.29628753662109375
867942207	-92.37824249267578125
867942707	-92.74565124511718750
867943206	-93.56616973876953125
867943706	-92.42401123046875000
867944205	-89.72622680664062500
867944705	-87.49858093261718750
867945204	-86.10701751708984375
867945704	-85.33359527587890625
867946203	-84.90149688720703125
867946703	-84.61600494384765625
867947202	-84.41924285888671875
867947702	-84.35372924804687500
867948201	-84.47853851318359375
867948701	-84.78294372558593750
867949200	-85.16020965576171875
867949700	-85.44951629638671875
867950199	-85.53996276855468750
867950699	-85.46519470214843750
867951198	-85.39044952392578125
867951698	-85.51605224609375000
867952197	-86.00874328613281250
867952697	-86.95586395263671875
867953196	-88.37780761718750000
867953696	-90.27647399902343750
867954195	-92.70883178710937500
867954695	-95.82187652587890625
867955194	-99.69988250732421875
867955694	-104.03449249267578125
867956193	-108.99842834472656250
867956693	-113.11708831787109375
867957192	-105.51761627197265625
867957692	-99.95393371582031250
867958191	-96.56103515625000000
867958691	-94.38030242919921875
867959190	-92.86257934570312500
867959690	-91.66223144531250000
867960189	-90.62514495849609375
867960689	-89.68927764892578125
867961188	-88.84014129638671875
867961688	-88.10938262939453125
867962187	-87.55960083007812500
867962687	-87.25275421142578125
867963186	-87.25159454345703125
867963686	-87.66249084472656250
867964185	-88.69277954101562500
867964685	-90.71829223632812500
867965184	-94.47915649414062500
867965684	-100.86857604980468750
867966183	-98.17040252685546875
867966683	-92.73038482666015625
867967182	-89.78668212890625000
867967682	-88.26128387451171875
867968181	-87.67805480957031250
867968681	-87.84380340576171875
867969180	-88.69858551025390625
867969680	-90.23054504394531250
867970179	-92.34647369384765625
867970679	-94.47218322753906250
867971178	-95.05610656738281250
867971678	-93.57183837890625000
867972177	-91.54655456542968750
867972677	-89.74841308593750000
867973176	-88.26170349121093750
867973676	-87.16862487792968750
867974175	-86.66082763671875000
867974675	-86.94673919677734375
867975174	-88.17760467529296875
867975674	-90.25192260742187500
867976173	-91.80706024169921875
867976673	-90.64248657226562500
867977172	-88.53859710693359375
867977672	-87.29269409179687500
867978171	-87.21237182617187500
867978671	-88.34489440917968750
867979170	-90.83382415771484375
867979670	-95.17168426513671875
867980169	-103.00577545166015625
867980669	-102.68423461914062500
867981168	-95.54644012451171875
867981668	-91.32691955566406250
867982167	-88.40257263183593750
867982667	-86.33051300048828125
867983166	-84.99263763427734375
867983666	-84.36707305908203125
867984165	-84.46905517578125000
867984665	-85.33580017089843750
867985164	-87.02471923828125000
867985664	-89.60585021972656250
867986163	-92.99977874755859375
867986663	-95.71140289306640625
867987162	-94.51036834716796875
867987662	-91.78304290771484375
867988161	-89.79800415039062500
867988661	-88.82869720458984375
867989160	-88.89482116699218750
867989660	-90.07752990722656250
867990159	-92.55799102783203125
867990659	-96.43524169921875000
867991158	-99.71308135986328125
867991658	-98.77605438232421875
867992157	-97.53884887695312500
867992657	-97.70431518554687500
867993156	-99.00158691406250000
867993656	-100.67372894287109375
867994155	-100.83365631103515625
867994655	-98.48446655273437500
867995154	-95.76690673828125000
867995654	-93.96085357666015625
867996153	-93.36352539062500000
867996653	-94.11735534667968750
867997152	-96.49163055419921875
867997652	-101.22918701171875000
867998151	-111.74329376220703125
867998651	-110.05622100830078125
867999150	-101.83233642578125000
867999650	-97.06064605712890625
868000149	-93.79004669189453125
868000649	-91.85575866699218750
868001148	-91.17098999023437500
868001648	-91.63926696777343750
868002147	-93.13063049316406250
868002647	-95.39789581298828125
868003146	-98.01007843017578125
868003646	-100.37502288818359375
868004145	-102.03429412841796875
868004645	-103.76841735839843750
868005144	-108.03656005859375000
868005644	-108.44316864013671875
868006143	-100.12220001220703125
868006643	-95.83042907714843750
868007142	-94.15055847167968750
868007642	-94.75795745849609375
868008141	-98.23029327392578125
868008641	-102.80646514892578125
868009140	-96.54917144775390625
868009640	-92.28129577636718750
868010139	-90.46228790283203125
868010639	-90.30786132812500000
868011138	-91.56269836425781250
868011638	-94.31473541259765625
868012137	-98.71851348876953125
868012637	-99.99045562744140625
868013136	-95.29280090332031250
868013636	-91.66721343994140625
868014135	-89.36506652832031250
868014635	-88.02001190185546875
868015134	-87.46361541748046875
868015634	-87.61952209472656250
868016133	-88.41939544677734375
868016633	-89.77877044677734375
868017132	-91.64620971679687500
868017632	-94.15908813476562500
868018131	-97.89210510253906250
868018631	-104.13195037841796875
868019130	-105.96632385253906250
868019630	-100.21220397949218750
868020129	-97.46040344238281250
868020629	-96.80576324462890625
868021128	-97.88211059570312500
868021628	-100.96891784667968750
868022127	-107.95551300048828125
868022627	-118.24221038818359375
868023126	-103.93573760986328125
868023626	-98.71744537353515625
868024125	-95.38469696044921875
868024625	-92.98375701904296875
868025124	-91.23358154296875000
868025624	-90.01919555664062500
868026123	-89.27233886718750000
868026623	-88.92105102539062500
868027122	-88.86796569824218750
868027622	-89.00710296630859375
868028121	-89.29335021972656250
868028621	-89.84355926513671875
868029120	-90.98891448974609375
868029620	-93.35929107666015625
868030119	-98.59217071533203125
868030619	-119.18981170654296875
868031118	-97.86833953857421875
868031618	-92.51425933837890625
868032117	-90.11731719970703125
868032617	-89.28735351562500000
868033116	-89.61244964599609375
868033616	-90.94229125976562500
868034115	-93.19751739501953125
868034615	-96.13072967529296875
868035114	-98.79661560058593750
868035614	-99.69694519042968750
868036113	-98.96097564697265625
868036613	-97.70657348632812500
868037112	-96.55800628662109375
868037612	-95.82035064697265625
868038111	-95.58674621582031250
868038611	-95.77368164062500000
868039110	-96.16850280761718750
868039610	-96.51300048828125000
868040109	-96.67331695556640625
868040609	-96.70337677001953125
868041108	-96.58257293701171875
868041608	-95.95628356933593750
868042107	-94.54484558105468750
868042607	-92.76271820068359375
868043106	-91.25250244140625000
868043606	-90.35062408447265625
868044105	-90.11498260498046875
868044605	-90.44116973876953125
868045104	-91.14105224609375000
868045604	-92.04697418212890625
868046103	-93.09880828857421875
868046603	-94.22461700439453125
868047102	-95.11792755126953125
868047602	-95.29782867431640625
868048101	-94.62782287597656250
868048601	-93.46240234375000000
868049100	-92.23191070556640625
868049600	-91.26161956787109375
868050099	-90.78912353515625000
868050599	-90.99603271484375000
868051098	-92.05205535888671875
868051598	-94.16766357421875000
868052097	-97.68140411376953125
868052597	-103.16915130615234375
868053096	-108.02094268798828125
868053596	-103.44901275634765625
868054095	-98.96192169189453125
868054595	-95.71988677978515625
868055094	-93.50004577636718750
868055594	-92.22734832763671875
868056093	-91.85624694824218750
868056593	-92.37403869628906250
868057092	-93.83574676513671875
868057592	-96.41622924804687500
868058091	-100.39545440673828125
868058591	-104.27113342285156250
868059090	-102.18869018554687500
868059590	-99.14922332763671875
868060089	-97.80101013183593750
868060589	-98.20991516113281250
868061088	-100.85514068603515625
868061588	-107.89899444580078125
868062087	-108.63719177246093750
868062587	-100.97364044189453125
868063086	-97.64877319335937500
868063586	-95.58460998535156250
868064085	-93.64621734619140625
868064585	-91.85446166992187500
868065084	-90.59069061279296875
868065584	-89.99407958984375000
868066083	-89.95928192138671875
868066583	-90.25811767578125000
868067082	-90.64635467529296875
868067582	-90.98817443847656250
868068081	-91.37036895751953125
868068581	-92.04689025878906250
868069080	-93.28796386718750000
868069580	-95.25101470947265625
868070079	-97.71098327636718750
868070579	-99.50699615478515625
868071078	-99.65222167968750000
868071578	-99.09590911865234375
868072077	-98.46456909179687500
868072577	-97.54542541503906250
868073076	-96.34532165527343750
868073576	-95.22509002685546875
868074075	-94.43990325927734375
868074575	-94.04207611083984375
868075074	-93.98632812500000000
868075574	-94.19691467285156250
868076073	-94.59764862060546875
868076573	-95.09700012207031250
868077072	-95.53694152832031250
868077572	-95.65983581542968750
868078071	-95.19720458984375000
868078571	-94.12023162841796875
868079070	-92.76937866210937500
868079570	-91.60788726806640625
868080069	-90.91229248046875000
868080569	-90.67138671875000000
868081068	-90.60199737548828125
868081568	-90.32963562011718750
868082067	-89.79933166503906250
868082567	-89.35282135009765625
868083066	-89.37821197509765625
868083566	-90.12947082519531250
868084065	-91.71537780761718750
868084565	-93.94818878173828125
868085064	-95.80515289306640625
868085564	-95.95276641845703125
868086063	-95.05977630615234375
868086563	-94.11663055419921875
868087062	-93.25759887695312500
868087562	-92.60671997070312500
868088061	-92.54660034179687500
868088561	-93.52641296386718750
868089060	-96.10926055908203125
868089560	-101.61926269531250000
868090059	-110.98442077636718750
868090559	-101.82846069335937500
868091058	-97.59371948242187500
868091558	-95.86615753173828125
868092057	-95.34323120117187500
868092557	-95.36305999755859375
868093056	-95.54413604736328125
868093556	-95.86481475830078125
868094055	-96.39762115478515625
868094555	-96.72865295410156250
868095054	-96.14563751220703125
868095554	-94.96956634521484375
868096053	-94.09535217285156250
868096553	-93.91932678222656250
868097052	-94.42181396484375000
868097552	-95.33344268798828125
868098051	-96.04876708984375000
868098551	-95.72336578369140625
868099050	-94.35526275634765625
868099550	-92.83073425292968750
868100049	-91.68582153320312500
868100549	-90.97558593750000000
868101048	-90.56369781494140625
868101548	-90.30278015136718750
868102047	-90.11347198486328125
868102547	-90.00154876708984375
868103046	-90.07461547851562500
868103546	-90.50237274169921875
868104045	-91.40045166015625000
868104545	-92.69167327880859375
868105044	-93.93608856201171875
868105544	-94.43017578125000000
868106043	-94.01111602783203125
868106543	-93.25232696533203125
868107042	-92.60928344726562500
868107542	-92.16847991943359375
868108041	-91.82517242431640625
868108541	-91.49897003173828125
868109040	-91.26509094238281250
868109540	-91.29032135009765625
868110039	-91.67039489746093750
868110539	-92.34412384033203125
868111038	-93.05316925048828125
868111538	-93.41662597656250000
868112037	-93.22663879394531250
868112537	-92.62572479248046875
868113036	-91.87327575683593750
868113536	-91.16631317138671875
868114035	-90.67814636230468750
868114535	-90.60586547851562500
868115034	-91.14778900146484375
868115534	-92.47952270507812500
868116033	-94.69655609130859375
868116533	-97.47000122070312500
868117032	-99.18943023681640625
868117532	-98.89660644531250000
868118031	-98.50441741943359375
868118531	-99.25189208984375000
868119030	-101.48301696777343750
868119530	-104.12703704833984375
868120029	-102.01461029052734375
868120529	-97.95997619628906250
868121028	-95.11283111572265625
868121528	-93.47892761230468750
868122027	-92.94263458251953125
868122527	-93.57524871826171875
868123026	-95.66176605224609375
868123526	-100.03244018554687500
868124025	-111.28260040283203125
868124525	-107.41896057128906250
868125024	-99.78145599365234375
868125524	-96.35563659667968750
868126023	-94.57305908203125000
868126523	-94.00090789794921875
868127022	-94.54760742187500000
868127522	-96.14166259765625000
868128021	-98.33862304687500000
868128521	-99.45715332031250000
868129020	-98.18280029296875000
868129520	-96.02789306640625000
868130019	-94.07984924316406250
868130519	-92.61478424072265625
868131018	-91.76174163818359375
868131518	-91.63282012939453125
868132017	-92.32908630371093750
868132517	-93.94137573242187500
868133016	-96.50335693359375000
868133516	-99.74532318115234375
868134015	-102.62106323242187500
868134515	-104.14257812500000000
868135014	-104.68956756591796875
868135514	-104.04802703857421875
868136013	-102.28999328613281250
868136513	-100.61764526367187500
868137012	-99.63373565673828125
868137512	-99.32150268554687500
868138011	-99.41825103759765625
868138511	-99.55171966552734375
868139010	-99.35781860351562500
868139510	-98.70413970947265625
868140009	-97.77781677246093750
868140509	-96.87567138671875000
868141008	-96.20766448974609375
868141508	-95.87190246582031250
868142007	-95.89757537841796875
868142507	-96.27082824707031250
868143006	-96.93735504150390625
868143506	-97.75005340576171875
868144005	-98.36867523193359375
868144505	-98.30868530273437500
868145004	-97.43135070800781250
868145504	-96.19588470458984375
868146003	-95.16012573242187500
868146503	-94.63912200927734375
868147002	-94.69438934326171875
868147502	-95.19811248779296875
868148001	-95.97123718261718750
868148501	-97.01638793945312500
868149000	-98.57122802734375000
868149500	-100.68315887451171875
